us_aqi,aqi_lag_1,aqi_lag_3,aqi_lag_6,aqi_lag_24,aqi_change_1h,aqi_change_3h,aqi_rolling_mean_6h,aqi_rolling_mean_24h,next_temperature_2m,next_relative_humidity_2m,next_precipitation,next_surface_pressure,next_wind_speed_10m,next_pm2_5,next_pm10,next_carbon_monoxide,next_nitrogen_dioxide,next_sulphur_dioxide,next_ozone,next_hour_sin,next_hour_cos,next_dow_sin,next_dow_cos,next_month_sin,next_month_cos
157,158.0,159.0,176.0,152.0,-1.0,-2.0,160.33333333333334,157.66666666666666,22.1,52.0,0.0,984.5,5.3,49.1,53.4,1000.0,52.6,12.2,29.0,0.25881904510252074,0.9659258262890683,-0.9749279121818236,-0.2225209339563146,0.8660254037844386,0.5000000000000001
158,158.0,169.0,155.0,126.0,0.0,-11.0,161.0,149.54166666666666,26.8,56.0,0.0,987.2,3.3,81.0,109.2,1257.0,58.3,20.0,59.0,-0.25881904510252157,0.9659258262890681,-0.7818314824680299,0.6234898018587334,0.8660254037844386,0.5000000000000001
163,163.0,164.0,165.0,163.0,0.0,-1.0,164.0,165.25,26.4,36.0,0.0,987.4,4.4,71.0,86.4,1340.0,88.4,15.4,13.0,-0.7071067811865477,0.7071067811865474,0.7818314824680298,0.6234898018587336,0.8660254037844386,0.5000000000000001
161,161.0,161.0,161.0,155.0,0.0,0.0,161.0,159.91666666666666,24.3,64.0,0.0,983.6,6.8,43.9,61.0,2152.0,30.1,12.9,92.0,-0.9659258262890684,0.2588190451025203,0.43388373911755823,-0.900968867902419,0.8660254037844386,0.5000000000000001
78,78.0,79.0,81.0,99.0,0.0,-1.0,78.83333333333333,85.125,27.6,37.0,0.0,981.3,3.3,12.5,17.5,537.0,10.1,10.8,135.0,-0.9659258262890683,-0.25881904510252063,-0.9749279121818236,-0.2225209339563146,0.8660254037844386,0.5000000000000001
86,85.0,84.0,87.0,113.0,1.0,2.0,84.83333333333333,100.95833333333333,20.7,57.0,0.0,984.9,9.9,31.5,126.2,511.0,4.4,7.3,127.0,-0.7071067811865471,-0.7071067811865479,0.0,1.0,0.8660254037844386,0.5000000000000001
110,109.0,106.0,104.0,89.0,1.0,4.0,107.0,97.91666666666667,18.2,72.0,0.2,988.7,2.2,28.7,81.5,1027.0,12.1,10.6,113.0,-0.2588190451025208,-0.9659258262890683,0.9749279121818236,-0.22252093395631434,0.8660254037844386,0.5000000000000001
113,112.0,108.0,103.0,90.0,1.0,5.0,109.16666666666667,97.625,20.2,66.0,0.1,987.2,2.6,26.0,59.3,371.0,8.1,11.0,118.0,0.258819045102521,-0.9659258262890682,-0.433883739117558,-0.9009688679024191,0.8660254037844386,0.5000000000000001
159,157.0,155.0,151.0,119.0,2.0,4.0,155.33333333333334,137.45833333333334,20.5,70.0,0.0,989.0,2.4,78.7,94.8,1474.0,29.1,13.0,84.0,0.7071067811865476,-0.7071067811865475,-0.7818314824680299,0.6234898018587334,0.8660254037844386,0.5000000000000001
126,126.0,127.0,131.0,150.0,0.0,-1.0,127.16666666666667,133.41666666666666,17.7,80.0,0.0,986.3,5.2,55.3,66.6,1818.0,30.7,8.2,48.0,0.9659258262890683,-0.25881904510252063,0.7818314824680298,0.6234898018587336,0.8660254037844386,0.5000000000000001
96,97.0,98.0,98.0,98.0,-1.0,-2.0,97.5,106.83333333333333,20.0,81.0,0.1,987.7,8.6,31.9,38.4,380.0,10.5,8.7,75.0,0.9659258262890683,0.25881904510252074,0.43388373911755823,-0.900968867902419,0.8660254037844386,0.5000000000000001
85,83.0,80.0,116.0,84.0,2.0,5.0,83.66666666666667,89.79166666666667,21.1,65.0,0.0,979.6,1.5,66.4,68.5,1392.0,70.6,18.0,24.0,0.7071067811865476,0.7071067811865476,-0.9749279121818236,-0.2225209339563146,0.8660254037844386,0.5000000000000001
84,83.0,80.0,99.0,98.0,1.0,4.0,84.0,82.58333333333333,21.8,80.0,0.0,981.3,6.8,34.3,56.9,411.0,25.1,10.5,56.0,0.25881904510252074,0.9659258262890683,0.0,1.0,0.8660254037844386,0.5000000000000001
111,109.0,105.0,104.0,100.0,2.0,6.0,107.0,108.75,22.8,63.0,0.0,986.1,11.4,48.0,93.8,1423.0,55.6,12.3,39.0,-0.25881904510252157,0.9659258262890681,0.7818314824680298,0.6234898018587336,0.8660254037844386,0.5000000000000001
92,103.0,97.0,98.0,121.0,-11.0,-5.0,98.66666666666667,109.20833333333333,27.4,37.0,0.0,983.6,5.7,41.7,70.5,1675.0,65.6,9.1,36.0,-0.7071067811865477,0.7071067811865474,0.43388373911755823,-0.900968867902419,1.0,6.123233995736766e-17
86,86.0,84.0,83.0,90.0,0.0,2.0,84.5,84.91666666666667,19.3,79.0,0.0,985.0,5.4,36.2,64.7,747.0,43.5,10.8,67.0,-0.9659258262890684,0.2588190451025203,-0.9749279121818236,-0.2225209339563146,1.0,6.123233995736766e-17
118,103.0,103.0,106.0,92.0,15.0,15.0,106.0,102.41666666666667,29.2,24.0,0.0,981.3,8.1,13.4,18.7,475.0,7.9,7.3,168.0,-0.9659258262890683,-0.25881904510252063,0.0,1.0,1.0,6.123233995736766e-17
99,100.0,99.0,97.0,92.0,-1.0,0.0,98.66666666666667,98.08333333333333,19.0,68.0,0.0,983.7,6.5,22.2,51.3,512.0,4.0,9.0,182.0,-0.7071067811865471,-0.7071067811865479,0.9749279121818236,-0.22252093395631434,1.0,6.123233995736766e-17
91,92.0,94.0,92.0,83.0,-1.0,-3.0,92.83333333333333,95.83333333333333,28.8,26.0,0.0,989.6,12.6,15.0,18.0,342.0,3.0,12.0,177.0,-0.2588190451025208,-0.9659258262890683,-0.433883739117558,-0.9009688679024191,1.0,6.123233995736766e-17
92,93.0,93.0,91.0,67.0,-1.0,-1.0,92.66666666666667,98.375,27.9,37.0,0.0,985.9,8.2,15.5,41.1,413.0,4.3,10.0,168.0,0.258819045102521,-0.9659258262890682,-0.7818314824680299,0.6234898018587334,1.0,6.123233995736766e-17
73,72.0,70.0,71.0,76.0,1.0,3.0,71.0,95.83333333333333,28.0,39.0,0.0,985.4,1.4,33.6,36.1,1886.0,27.3,13.4,131.0,0.7071067811865476,-0.7071067811865475,0.7818314824680298,0.6234898018587336,1.0,6.123233995736766e-17
74,75.0,74.0,73.0,76.0,-1.0,0.0,74.0,89.79166666666667,24.4,54.0,0.0,980.5,7.0,29.7,30.9,1386.0,43.2,10.8,60.0,0.9659258262890683,-0.25881904510252063,0.43388373911755823,-0.900968867902419,1.0,6.123233995736766e-17
65,65.0,64.0,77.0,72.0,0.0,1.0,64.66666666666667,74.33333333333333,23.0,53.0,0.0,983.8,9.9,18.8,18.8,407.0,17.1,5.9,50.0,0.9659258262890683,0.25881904510252074,-0.9749279121818236,-0.2225209339563146,1.0,6.123233995736766e-17
87,85.0,79.0,109.0,67.0,2.0,8.0,82.66666666666667,80.16666666666667,24.5,44.0,0.0,981.3,9.5,35.0,63.8,463.0,29.8,8.4,49.0,0.7071067811865476,0.7071067811865476,0.0,1.0,1.0,6.123233995736766e-17
71,70.0,100.0,132.0,81.0,1.0,-29.0,94.83333333333333,85.125,28.6,32.0,0.0,979.9,5.0,34.8,46.3,1073.0,48.5,10.0,40.0,0.25881904510252074,0.9659258262890683,0.9749279121818236,-0.22252093395631434,1.0,6.123233995736766e-17
112,113.0,143.0,136.0,106.0,-1.0,-31.0,132.16666666666666,114.16666666666667,30.7,35.0,0.0,979.8,5.0,34.7,47.3,927.0,36.3,10.8,65.0,-0.25881904510252157,0.9659258262890681,0.43388373911755823,-0.900968867902419,1.0,6.123233995736766e-17
94,101.0,91.0,88.0,99.0,-7.0,3.0,94.16666666666667,93.66666666666667,33.8,25.0,0.0,982.1,8.4,38.3,86.6,1524.0,34.6,12.6,66.0,-0.7071067811865477,0.7071067811865474,-0.9749279121818236,-0.2225209339563146,1.0,6.123233995736766e-17
143,141.0,115.0,67.0,120.0,2.0,28.0,115.0,86.91666666666667,35.4,23.0,0.0,974.8,3.5,29.5,47.4,735.0,47.9,13.3,80.0,-0.9659258262890684,0.2588190451025203,0.0,1.0,1.0,6.123233995736766e-17
152,129.0,97.0,95.0,90.0,23.0,55.0,111.83333333333333,95.58333333333333,32.7,27.0,0.0,976.7,8.1,15.6,23.9,453.0,6.7,11.7,193.0,-0.9659258262890683,-0.25881904510252063,0.9749279121818236,-0.22252093395631434,1.0,6.123233995736766e-17
110,109.0,107.0,93.0,98.0,1.0,3.0,105.83333333333333,109.95833333333333,36.5,23.0,0.0,977.0,5.7,15.7,29.3,376.0,2.9,8.0,195.0,-0.7071067811865471,-0.7071067811865479,-0.433883739117558,-0.9009688679024191,0.8660254037844387,-0.4999999999999998
86,85.0,83.0,88.0,87.0,1.0,3.0,84.83333333333333,118.83333333333333,34.0,30.0,0.0,979.4,13.9,42.3,152.3,264.0,2.6,12.1,195.0,-0.2588190451025208,-0.9659258262890683,-0.7818314824680299,0.6234898018587334,0.8660254037844387,-0.4999999999999998
106,111.0,116.0,117.0,129.0,-5.0,-10.0,113.16666666666667,125.58333333333333,28.3,51.0,0.0,987.4,3.2,36.6,147.1,365.0,3.3,8.4,174.0,0.258819045102521,-0.9659258262890682,0.7818314824680298,0.6234898018587336,0.8660254037844387,-0.4999999999999998
89,91.0,95.0,100.0,113.0,-2.0,-6.0,93.83333333333333,126.04166666666667,29.0,48.0,0.0,982.4,6.8,61.9,259.8,873.0,13.3,12.9,142.0,0.7071067811865476,-0.7071067811865475,0.43388373911755823,-0.900968867902419,0.8660254037844387,-0.4999999999999998
151,152.0,154.0,154.0,141.0,-1.0,-3.0,153.0,158.91666666666666,26.3,60.0,0.0,983.9,5.5,43.9,59.4,836.0,16.4,19.5,113.0,0.9659258262890683,-0.25881904510252063,-0.9749279121818236,-0.2225209339563146,0.8660254037844387,-0.4999999999999998
167,167.0,166.0,167.0,161.0,0.0,1.0,166.66666666666666,175.125,24.1,73.0,0.0,982.9,16.6,68.9,116.6,669.0,12.9,10.4,99.0,0.9659258262890683,0.25881904510252074,0.0,1.0,0.8660254037844387,-0.4999999999999998
155,156.0,158.0,159.0,165.0,-1.0,-3.0,157.16666666666666,162.54166666666666,28.0,58.0,0.0,977.4,4.3,73.3,123.9,602.0,25.3,8.6,65.0,0.7071067811865476,0.7071067811865476,0.9749279121818236,-0.22252093395631434,0.8660254037844387,-0.4999999999999998
138,136.0,132.0,181.0,157.0,2.0,6.0,144.66666666666666,152.54166666666666,25.6,54.0,0.0,976.4,10.9,66.8,86.4,1244.0,53.4,11.3,23.0,0.25881904510252074,0.9659258262890683,-0.433883739117558,-0.9009688679024191,0.8660254037844387,-0.4999999999999998
97,97.0,146.0,129.0,143.0,0.0,-49.0,127.0,122.45833333333333,32.1,41.0,0.0,978.8,4.0,60.5,88.0,1471.0,80.6,13.0,14.0,-0.25881904510252157,0.9659258262890681,-0.9749279121818236,-0.2225209339563146,0.8660254037844387,-0.4999999999999998
132,150.0,149.0,85.0,117.0,-18.0,-17.0,137.83333333333334,102.70833333333333,36.8,32.0,0.0,974.7,5.9,35.4,50.3,1288.0,50.5,14.6,60.0,-0.7071067811865477,0.7071067811865474,0.0,1.0,0.8660254037844387,-0.4999999999999998
184,184.0,151.0,111.0,155.0,0.0,33.0,153.16666666666666,119.45833333333333,40.1,18.0,0.0,973.5,8.3,26.8,44.0,969.0,40.7,11.6,77.0,-0.9659258262890684,0.2588190451025203,0.9749279121818236,-0.22252093395631434,0.8660254037844387,-0.4999999999999998
98,84.0,82.0,81.0,91.0,14.0,16.0,85.16666666666667,84.41666666666667,38.6,18.0,0.1,978.9,7.3,24.2,64.3,382.0,6.5,8.3,149.0,-0.9659258262890683,-0.25881904510252063,-0.433883739117558,-0.9009688679024191,0.8660254037844387,-0.4999999999999998
86,87.0,90.0,94.0,109.0,-1.0,-4.0,89.0,107.54166666666667,38.9,19.0,0.0,978.0,11.4,23.2,62.9,215.0,0.5,4.8,155.0,-0.7071067811865471,-0.7071067811865479,-0.7818314824680299,0.6234898018587334,0.8660254037844387,-0.4999999999999998
82,83.0,85.0,85.0,91.0,-1.0,-3.0,84.0,98.66666666666667,41.4,10.0,0.0,978.9,13.0,10.5,19.7,279.0,2.9,6.6,181.0,-0.2588190451025208,-0.9659258262890683,0.7818314824680298,0.6234898018587336,0.8660254037844387,-0.4999999999999998
116,114.0,109.0,99.0,82.0,2.0,7.0,109.5,113.16666666666667,40.1,18.0,0.0,978.2,14.3,21.9,48.0,399.0,5.0,8.9,188.0,0.258819045102521,-0.9659258262890682,0.43388373911755823,-0.900968867902419,0.8660254037844387,-0.4999999999999998
306,291.0,257.0,227.0,118.0,15.0,49.0,269.3333333333333,197.45833333333334,24.6,87.0,0.9,982.1,16.7,57.2,145.3,795.0,9.1,13.0,129.0,0.7071067811865476,-0.7071067811865475,-0.9749279121818236,-0.2225209339563146,0.8660254037844387,-0.4999999999999998
138,135.0,126.0,114.0,118.0,3.0,12.0,128.16666666666666,118.41666666666667,27.2,60.0,0.0,983.1,6.0,48.8,135.0,621.0,20.6,12.0,95.0,0.9659258262890683,-0.25881904510252063,0.0,1.0,0.49999999999999994,-0.8660254037844387
174,172.0,169.0,164.0,139.0,2.0,5.0,169.66666666666666,161.25,27.5,61.0,0.0,979.3,4.9,64.5,107.3,690.0,46.6,12.1,43.0,0.9659258262890683,0.25881904510252074,0.9749279121818236,-0.22252093395631434,0.49999999999999994,-0.8660254037844387
153,154.0,156.0,180.0,155.0,-1.0,-3.0,156.16666666666666,162.75,24.1,66.0,0.0,975.9,4.3,54.1,70.1,1953.0,35.6,10.3,50.0,0.7071067811865476,0.7071067811865476,-0.433883739117558,-0.9009688679024191,0.49999999999999994,-0.8660254037844387
143,144.0,182.0,207.0,128.0,-1.0,-39.0,172.33333333333334,158.91666666666666,31.9,32.0,0.0,976.7,2.3,73.8,82.9,1049.0,101.1,18.1,9.0,0.25881904510252074,0.9659258262890683,-0.7818314824680299,0.6234898018587334,0.49999999999999994,-0.8660254037844387
115,138.0,174.0,174.0,152.0,-23.0,-59.0,158.16666666666666,131.20833333333334,36.2,29.0,0.0,973.6,3.7,44.9,60.8,1509.0,37.2,11.1,84.0,-0.25881904510252157,0.9659258262890681,0.0,1.0,0.49999999999999994,-0.8660254037844387
180,195.0,194.0,131.0,174.0,-15.0,-14.0,185.0,140.625,37.7,21.0,0.0,971.6,4.5,51.6,78.9,1495.0,46.9,14.7,73.0,-0.7071067811865477,0.7071067811865474,0.9749279121818236,-0.22252093395631434,0.49999999999999994,-0.8660254037844387
282,266.0,245.0,219.0,173.0,16.0,37.0,251.83333333333334,199.0,31.0,57.0,0.0,978.4,8.9,84.1,497.3,836.0,20.1,6.4,90.0,-0.9659258262890684,0.2588190451025203,-0.433883739117558,-0.9009688679024191,0.49999999999999994,-0.8660254037844387
148,123.0,100.0,104.0,148.0,25.0,48.0,112.33333333333333,109.70833333333333,33.9,35.0,0.0,975.7,3.5,18.5,36.8,514.0,5.8,8.2,175.0,-0.9659258262890683,-0.25881904510252063,-0.7818314824680299,0.6234898018587334,0.49999999999999994,-0.8660254037844387
122,120.0,116.0,111.0,134.0,2.0,6.0,117.0,138.08333333333334,33.1,51.0,0.0,979.1,1.2,46.3,91.7,443.0,2.5,10.3,206.0,-0.7071067811865471,-0.7071067811865479,0.7818314824680298,0.6234898018587336,0.49999999999999994,-0.8660254037844387
157,157.0,157.0,156.0,143.0,0.0,0.0,156.83333333333334,162.375,36.5,37.0,0.0,978.6,0.7,40.4,58.1,551.0,3.4,13.4,220.0,-0.2588190451025208,-0.9659258262890683,0.43388373911755823,-0.900968867902419,0.49999999999999994,-0.8660254037844387
159,159.0,158.0,154.0,116.0,0.0,1.0,158.0,148.58333333333334,36.1,34.0,0.0,980.4,5.6,35.4,50.6,571.0,4.5,10.7,191.0,0.258819045102521,-0.9659258262890682,-0.9749279121818236,-0.2225209339563146,0.49999999999999994,-0.8660254037844387
115,116.0,120.0,123.0,118.0,-1.0,-5.0,118.66666666666667,123.58333333333333,30.2,54.0,0.0,980.1,6.0,37.5,59.6,679.0,14.1,18.7,132.0,0.7071067811865476,-0.7071067811865475,0.0,1.0,0.49999999999999994,-0.8660254037844387
122,125.0,124.0,122.0,113.0,-3.0,-2.0,123.83333333333333,133.20833333333334,30.2,56.0,0.0,975.8,2.5,43.1,65.9,761.0,26.6,13.7,72.0,0.9659258262890683,-0.25881904510252063,0.9749279121818236,-0.22252093395631434,0.49999999999999994,-0.8660254037844387
144,143.0,142.0,140.0,134.0,1.0,2.0,142.16666666666666,148.54166666666666,28.1,78.0,0.0,978.0,4.4,56.6,75.9,453.0,40.4,11.9,34.0,0.9659258262890683,0.25881904510252074,-0.433883739117558,-0.9009688679024191,0.49999999999999994,-0.8660254037844387
168,168.0,168.0,202.0,159.0,0.0,0.0,169.5,175.66666666666666,31.1,64.0,0.0,974.2,5.8,85.2,99.9,972.0,70.0,16.9,31.0,0.7071067811865476,0.7071067811865476,-0.7818314824680299,0.6234898018587334,0.49999999999999994,-0.8660254037844387
122,121.0,121.0,180.0,154.0,1.0,1.0,134.66666666666666,141.08333333333334,34.4,56.0,0.0,971.5,3.7,69.2,124.3,670.0,58.3,13.0,17.0,0.25881904510252074,0.9659258262890683,0.7818314824680298,0.6234898018587336,0.49999999999999994,-0.8660254037844387
267,252.0,229.0,189.0,155.0,15.0,38.0,233.83333333333334,181.875,28.4,77.0,0.3,976.6,15.5,142.0,451.7,552.0,25.9,10.3,76.0,-0.25881904510252157,0.9659258262890681,0.9749279121818236,-0.22252093395631434,1.2246467991473532e-16,-1.0
184,192.0,182.0,155.0,219.0,-8.0,2.0,178.33333333333334,176.95833333333334,34.4,51.0,0.0,975.3,7.7,58.6,72.6,802.0,45.1,12.7,91.0,-0.7071067811865477,0.7071067811865474,-0.433883739117558,-0.9009688679024191,1.2246467991473532e-16,-1.0
206,203.0,173.0,157.0,189.0,3.0,33.0,181.66666666666666,161.83333333333334,36.6,46.0,0.0,971.0,3.3,98.3,135.5,769.0,39.6,18.8,136.0,-0.9659258262890684,0.2588190451025203,-0.7818314824680299,0.6234898018587334,1.2246467991473532e-16,-1.0
188,163.0,156.0,152.0,160.0,25.0,32.0,162.16666666666666,155.29166666666666,37.6,45.0,0.0,970.4,7.3,99.4,139.2,742.0,10.5,13.7,232.0,-0.9659258262890683,-0.25881904510252063,0.7818314824680298,0.6234898018587336,1.2246467991473532e-16,-1.0
159,160.0,162.0,166.0,184.0,-1.0,-3.0,161.5,176.66666666666666,38.6,38.0,0.0,972.8,1.9,75.7,147.6,604.0,5.9,18.6,279.0,-0.7071067811865471,-0.7071067811865479,0.43388373911755823,-0.900968867902419,1.2246467991473532e-16,-1.0
156,156.0,156.0,158.0,162.0,0.0,0.0,156.33333333333334,167.45833333333334,33.5,60.0,0.0,972.5,3.8,85.4,258.9,386.0,4.2,8.8,180.0,-0.2588190451025208,-0.9659258262890683,-0.9749279121818236,-0.2225209339563146,1.2246467991473532e-16,-1.0
174,174.0,173.0,171.0,173.0,0.0,1.0,173.16666666666666,171.25,31.5,67.0,0.0,973.7,1.8,71.0,140.6,723.0,28.2,24.2,115.0,0.258819045102521,-0.9659258262890682,0.0,1.0,1.2246467991473532e-16,-1.0
175,176.0,176.0,175.0,175.0,-1.0,-1.0,175.83333333333334,180.66666666666666,29.9,67.0,0.0,977.0,1.8,79.4,154.6,1606.0,20.0,20.0,130.0,0.7071067811865476,-0.7071067811865475,0.9749279121818236,-0.22252093395631434,1.2246467991473532e-16,-1.0
158,158.0,158.0,158.0,162.0,0.0,0.0,158.0,169.0,31.2,74.0,0.0,976.2,3.4,81.5,130.9,1133.0,44.4,18.1,73.0,0.9659258262890683,-0.25881904510252063,-0.433883739117558,-0.9009688679024191,1.2246467991473532e-16,-1.0
159,159.0,158.0,157.0,155.0,0.0,1.0,158.16666666666666,157.04166666666666,32.0,65.0,0.0,974.8,6.1,82.0,165.8,867.0,35.3,10.6,33.0,0.9659258262890683,0.25881904510252074,-0.7818314824680299,0.6234898018587334,1.2246467991473532e-16,-1.0
168,170.0,172.0,175.0,172.0,-2.0,-4.0,171.5,173.58333333333334,27.6,95.0,2.7,975.8,8.2,41.6,70.1,370.0,20.1,9.5,54.0,0.7071067811865476,0.7071067811865476,0.7818314824680298,0.6234898018587336,1.2246467991473532e-16,-1.0
87,85.0,82.0,77.0,94.0,2.0,5.0,82.5,80.91666666666667,26.8,86.0,0.0,976.3,6.0,40.4,40.6,637.0,28.4,8.2,43.0,0.25881904510252074,0.9659258262890683,0.43388373911755823,-0.900968867902419,1.2246467991473532e-16,-1.0
94,103.0,142.0,99.0,87.0,-9.0,-48.0,122.16666666666667,95.91666666666667,28.8,84.0,0.0,976.0,8.5,67.5,67.8,1436.0,68.5,13.4,30.0,-0.25881904510252157,0.9659258262890681,-0.433883739117558,-0.9009688679024191,1.2246467991473532e-16,-1.0
164,168.0,140.0,112.0,99.0,-4.0,24.0,143.66666666666666,108.41666666666667,30.0,89.0,0.0,976.1,2.8,79.2,79.6,2844.0,77.1,18.3,42.0,-0.7071067811865477,0.7071067811865474,-0.7818314824680299,0.6234898018587334,1.2246467991473532e-16,-1.0
201,195.0,167.0,167.0,219.0,6.0,34.0,178.5,174.25,31.5,79.0,0.0,971.6,6.6,75.0,86.1,922.0,33.7,12.3,129.0,-0.9659258262890684,0.2588190451025203,0.7818314824680298,0.6234898018587336,1.2246467991473532e-16,-1.0
176,148.0,136.0,127.0,118.0,28.0,40.0,143.5,126.70833333333333,32.2,73.0,1.2,972.6,7.3,50.2,64.0,841.0,15.5,14.1,213.0,-0.9659258262890683,-0.25881904510252063,0.43388373911755823,-0.900968867902419,1.2246467991473532e-16,-1.0
102,103.0,105.0,104.0,127.0,-1.0,-3.0,104.0,115.5,33.4,62.0,0.1,973.8,4.8,25.6,27.1,377.0,3.2,9.3,180.0,-0.7071067811865471,-0.7071067811865479,-0.9749279121818236,-0.2225209339563146,-0.4999999999999997,-0.8660254037844388
99,100.0,104.0,111.0,120.0,-1.0,-5.0,103.16666666666667,126.66666666666667,33.0,69.0,2.4,976.3,7.9,25.2,25.7,507.0,4.9,8.1,180.0,-0.2588190451025208,-0.9659258262890683,0.0,1.0,-0.4999999999999997,-0.8660254037844388
153,154.0,154.0,153.0,110.0,-1.0,-1.0,153.83333333333334,154.20833333333334,33.5,59.0,0.2,975.3,3.1,50.1,58.4,626.0,9.0,13.9,180.0,0.258819045102521,-0.9659258262890682,0.9749279121818236,-0.22252093395631434,-0.4999999999999997,-0.8660254037844388
